Kit	Adapter	AdapterRead2
Nextera_XT_DNA	CTGTCTCTTATACACATCT	AGATGTGTATAAGAGACAG
Truseq_stranded_mRNA	AGATCGGAAGAGCACACGTCTGAACTCCAGTCA	AGATCGGAAGAGCGTCGTGTAGGGAAAGAGTGT
NEBNext_Ultra_II_DNA	AGATCGGAAGAGCACACGTCTGAACTCCAGTCA	AGATCGGAAGAGCGTCGTGTAGGGAAAGAGTGT
Illumina_TruSeq_LT	AGATCGGAAGAGCACACGTCTGAACTCCAGTCA	AGATCGGAAGAGCGTCGTGTAGGGAAAGAGTGT
10X_scRNA-seq_3prim	CTACACGACGCTCTTCCGATCT	AGATCGGAAGAGCACACGTCTGAACTCCAGTCAC
NEXTflex_Small_RNA-Seq_kit_v3	TGGAATTCTCGGGTGCCAAGG	TGGAATTCTCGGGTGCCAAGG
Diagenode_Microplex_48i	TCCCTACACGACGCTCTTCCGAT	AGATCGGAAGAGCACACGTCTGAACTCCAGTCAC
HiC_custom	AGATCGGAAGAGCACACGTCTGAACTCCAGTCA	AGATCGGAAGAGCACACGTCTGAACTCCAGTCA
Zymo-Seq_RiboFree_Total_RNA_Library_Kit_-24i	AGATCGGAAGAGCACACGTCTGAACTCCAGTC	AAGATCGGAAGAGCGTCGTGTAGGGAAAGAGTGT
10X_scRNA-seq_5prim	AATGATACGGCGACCACCGAGATCTACAC	ATCTCGTATGCCGTCTTCTGCTTG
IDT_for_Illumina_RNA_UD_Indexes_Set_A	AGATCGGAAGAGCACACGTCTGAACTCCAGTC	AAGATCGGAAGAGCGTCGTGTAGGGAAAGAGTGT
Custom	AGATCGGAAGAGCACACGTCTGAACTCCAGTCA	AGATCGGAAGAGCGTCGTGTAGGGAAAGAGTGT
